table_name	index_name	definition
aircraft_images	aircraft_images_pkey	CREATE UNIQUE INDEX aircraft_images_pkey ON aircraft_images USING btree (id)
aircrafts	aircrafts_id_unique	CREATE UNIQUE INDEX aircrafts_id_unique ON aircrafts USING btree (id)
aircrafts	aircrafts_slug_unique	CREATE UNIQUE INDEX aircrafts_slug_unique ON aircrafts USING btree (slug)
airports	airports_pkey	CREATE UNIQUE INDEX airports_pkey ON airports USING btree (id)
atmjet_admin__empty_legs	atmjet_admin__empty_legs_pkey	CREATE UNIQUE INDEX atmjet_admin__empty_legs_pkey ON atmjet_admin__empty_legs USING btree (id)
atmjet_admin__users	atmjet_admin__users_pkey	CREATE UNIQUE INDEX atmjet_admin__users_pkey ON atmjet_admin__users USING btree (id)
city_list	city_list_pkey	CREATE UNIQUE INDEX city_list_pkey ON city_list USING btree (id)
contact	contact_pkey	CREATE UNIQUE INDEX contact_pkey ON contact USING btree (id)
migration_status	migration_status_pkey	CREATE UNIQUE INDEX migration_status_pkey ON migration_status USING btree (id)
new_airports	iata_idx	CREATE INDEX iata_idx ON new_airports USING btree (iata)
new_airports	icao_idx	CREATE INDEX icao_idx ON new_airports USING btree (icao)
new_airports	idx_airports_alies_en	CREATE INDEX idx_airports_alies_en ON new_airports USING btree (alies_en)
new_airports	idx_airports_alies_ru	CREATE INDEX idx_airports_alies_ru ON new_airports USING btree (alies_ru)
new_airports	idx_airports_city_en	CREATE INDEX idx_airports_city_en ON new_airports USING btree (city_en)
new_airports	idx_airports_city_ru	CREATE INDEX idx_airports_city_ru ON new_airports USING btree (city_ru)
new_airports	idx_airports_country_en	CREATE INDEX idx_airports_country_en ON new_airports USING btree (country_en)
new_airports	idx_airports_country_ru	CREATE INDEX idx_airports_country_ru ON new_airports USING btree (country_ru)
new_airports	idx_airports_label_en	CREATE INDEX idx_airports_label_en ON new_airports USING btree (label_en)
new_airports	idx_airports_label_ru	CREATE INDEX idx_airports_label_ru ON new_airports USING btree (label_ru)
new_airports	new_airports_pkey	CREATE UNIQUE INDEX new_airports_pkey ON new_airports USING btree (id)
new_yachts	captain_idx	CREATE INDEX captain_idx ON new_yachts USING btree (captain_id)
new_yachts	contact_idx	CREATE INDEX contact_idx ON new_yachts USING btree (contact_id)
new_yachts	localYachts_pkey	CREATE UNIQUE INDEX "localYachts_pkey" ON new_yachts USING btree (id)
new_yachts	yacht_name_idx	CREATE INDEX yacht_name_idx ON new_yachts USING btree (name)
vehicles	article_idx	CREATE INDEX article_idx ON vehicles USING btree (article)
vehicles	favorite_idx	CREATE INDEX favorite_idx ON vehicles USING btree (favorite)
vehicles	made_in_idx	CREATE INDEX made_in_idx ON vehicles USING btree (made_in)
vehicles	new_idx	CREATE INDEX new_idx ON vehicles USING btree (new)
vehicles	old_price_idx	CREATE INDEX old_price_idx ON vehicles USING btree (old_price)
vehicles	popular_idx	CREATE INDEX popular_idx ON vehicles USING btree (popular)
vehicles	price_idx	CREATE INDEX price_idx ON vehicles USING btree (price)
vehicles	vehicles_pkey	CREATE UNIQUE INDEX vehicles_pkey ON vehicles USING btree (id)
vehicles	vendor_idx	CREATE INDEX vendor_idx ON vehicles USING btree (vendor)
yachts	yachts_pkey	CREATE UNIQUE INDEX yachts_pkey ON yachts USING btree (id)
