table_name	column_name	shape	row_count	example
aircrafts	airport_iata	"AAA"	8385	"AAL"
aircrafts	airport_iata	"9A9"	7	"6K8"
aircrafts	airport_icao	"AAAA"	8796	"BIAR"
aircrafts	airport_icao	"AA99"	3	"XX02"
aircrafts	extension_cabin_height	"9.99"	810	"1.10"
aircrafts	extension_cabin_height	"999.99"	1	"147.00"
aircrafts	extension_luggage_volume	"9.99"	573	"0.13"
aircrafts	extension_luggage_volume	"99.99"	32	"10.00"
aircrafts	extension_luggage_volume	"999.99"	1	"160.80"
aircrafts	registration_number	"A999AA"	3424	"N100AS"
aircrafts	registration_number	"AA-AAA"	1954	"AP-BHE"
aircrafts	registration_number	"A-AAAA"	1567	"B-ARTI"
aircrafts	registration_number	"A99AA"	516	"N10DH"
aircrafts	registration_number	"9A-AAA"	342	"4K-ASG"
aircrafts	slug	"a999aa"	3403	"n100as"
aircrafts	slug	"aa-aaa"	1936	"ap-bhe"
aircrafts	slug	"a-aaaa"	1560	"b-arti"
aircrafts	slug	"a99aa"	515	"n10dh"
aircrafts	slug	"9a-aaa"	335	"4k-asg"
aircrafts	verified_at	"9999-99-99A99:99:99.999999A"	8087	"2018-01-18T15:39:08.345256Z"
aircrafts	verified_at	"9999-99-99A99:99:99A"	1	"2020-01-23T09:25:56Z"
airports	gmt_offset	"+9.9"	4505	"+0.0"
airports	gmt_offset	"-9.9"	3643	"-1.0"
airports	gmt_offset	"-99.9"	669	"-10.0"
airports	gmt_offset	"+99.9"	321	"+10.0"
airports	gmt_offset	""	213	""
airports	iata_code	"AAA"	9375	"AAA"
airports	icao_code	"AAAA"	7950	"AGAF"
airports	icao_code	""	1424	""
airports	icao_code	"AAA"	1	"RTD"
airports	latitude	"99.999999"	4899	"10.016667"
airports	latitude	"-99.999999"	1270	"-10.050000"
airports	latitude	"99.999"	568	"10.017"
airports	latitude	"-9.999"	498	"-0.017"
airports	latitude	"9.999999"	460	"0.022600"
new_airports	iata	"AAA"	9457	"AAA"
new_airports	iata	"AAAA"	1	"KAEG"
new_airports	icao	"AAAA"	12980	"AGAF"
new_airports	icao	"AAA9"	138	"CAJ2"
new_airports	icao	"AA99"	72	"AT20"
new_airports	icao	"A9A9"	41	"K0A8"
new_airports	icao	"A99A"	29	"K02A"
new_airports	passengers_per_year	"999999"	1479	"100092"
new_airports	passengers_per_year	"9999999"	1174	"1002395"
new_airports	passengers_per_year	"99999"	1024	"10007"
new_airports	passengers_per_year	"9999"	626	"1002"
new_airports	passengers_per_year	"99"	527	"10"
new_yachts	cabins	"9"	82	"0"
new_yachts	cabins	"9+9"	3	"1+1"
new_yachts	slug	"aaaaaa"	12	"alisha"
new_yachts	slug	"aaaa"	11	"amie"
new_yachts	slug	"aaaaa"	8	"aarna"
new_yachts	slug	"aaaaaaa"	7	"calente"
new_yachts	slug	"aaa"	5	"kio"
vehicles	image	"aaaaaa.aaa9.aaaaaaaaaaaaaaaaaa.aaa/aaaaa_99999.aaa"	10016	"atmjet.ams3.digitaloceanspaces.com/image_15547.jpg"
vehicles	tail_maxpax	""	6602	""
vehicles	tail_maxpax	"9"	2360	"2"
vehicles	tail_maxpax	"99"	1033	"10"
vehicles	tail_maxpax	"999"	16	"100"
vehicles	tail_maxpax	"9999"	5	"1995"
vehicles	tail_number	""	6594	""
vehicles	tail_number	"A999AA"	1107	"N100FN"
vehicles	tail_number	"AA-AAA"	985	"AP-RDR"
vehicles	tail_number	"A-AAAA"	578	"C-FAMB"
vehicles	tail_number	"A99AA"	188	"N10JM"
vehicles	tail_year	""	6606	""
vehicles	tail_year	"9999"	3408	"1973"
vehicles	tail_year	"9"	2	"7"
vehicles	yacht_length	""	3423	""
vehicles	yacht_length	"99"	3219	"18"
vehicles	yacht_length	"99.9999"	877	"20.4216"
vehicles	yacht_length	"99.9"	725	"18.2"
vehicles	yacht_length	"999"	675	"100"
