column_name	scheme	host	value_count	padded
aircraft_images.url	https	atmjet.s3.eu-north-1.amazonaws.com	18570	0
aircrafts.extension_view_360	null		8528	0
aircrafts.extension_view_360	https	my.matterport.com	175	0
aircrafts.extension_view_360	https	jet-pano.net	27	0
aircrafts.extension_view_360	https	momento360.com	17	0
aircrafts.extension_view_360	https	air-hamburg.de	16	0
aircrafts.extension_view_360	https	kuula.co	13	0
aircrafts.extension_view_360	https	storage.net-fs.com	9	0
aircrafts.extension_view_360	https	jetpano.speedlight.at	6	0
aircrafts.extension_view_360	https	s3-us-west-1.amazonaws.com	6	0
aircrafts.extension_view_360	https	pegjet.com	4	0
aircrafts.extension_view_360	https	mpembed.com	3	0
aircrafts.extension_view_360	http	brasilvida.com.br	2	0
aircrafts.extension_view_360	https	businessaviation.az	2	0
aircrafts.extension_view_360	http	flintvt.com	2	0
aircrafts.extension_view_360	https	javierlopez.co	2	0
aircrafts.extension_view_360	http	tour.tpgtours.com	2	0
aircrafts.extension_view_360	https	tour.tpgtours.com	2	0
aircrafts.extension_view_360	https	www.albinati.aero	2	0
aircrafts.extension_view_360	https	www.businessaviation.az	2	0
aircrafts.extension_view_360	https	360testbed.co	1	0
aircrafts.extension_view_360	https	discover.matterport.com	1	0
aircrafts.extension_view_360	https	roundme.com	1	0
aircrafts.extension_view_360	https	skybirdaviation.com	1	0
aircrafts.extension_view_360	https	tours.tourfactory.com	1	0
aircrafts.extension_view_360	https	vimeo.com	1	0
aircrafts.extension_view_360	http	www.9h-amy.com	1	0
aircrafts.extension_view_360	http	www.9h-jpc.com	1	0
aircrafts.extension_view_360	https	www.air-hamburg.de	1	0
aircrafts.extension_view_360	https	www.atmospherica.aero	1	0
aircrafts.extension_view_360	http	www.d-buzz.com	1	0
aircrafts.extension_view_360	https	www.e-aviation.de	1	0
aircrafts.extension_view_360	https	www.flyairshare.com	1	0
aircrafts.extension_view_360	https	www.google.com	1	0
aircrafts.extension_view_360	https	www.jet-pano.net	1	0
aircrafts.extension_view_360	https	www.klapty.com	1	0
aircrafts.extension_view_360	http	www.medicalwings.com	1	0
aircrafts.extension_view_360	https	www.n713fl.com	1	0
aircrafts.extension_view_360	https	www.virtualmedia360.net	1	0
aircrafts.extension_view_360	https	www.vistajet.com	1	0
aircrafts.extension_view_360	https	www.visual360media.com	1	0
aircrafts.extension_view_360	https	www.youtube.com	1	0
aircrafts.pdf_attachment	null		7529	0
aircrafts.pdf_attachment	https	atmjet.s3.eu-north-1.amazonaws.com	1313	0
new_yachts.photos[]	https	atmjet.s3.eu-north-1.amazonaws.com	377	0
new_yachts.photos[]	https	atmjet.ams3.cdn.digitaloceanspaces.com	244	0
vehicles.image	(none)	atmjet.ams3.digitaloceanspaces.com	10016	0
vehicles.thumb	(none)	atmjet.ams3.digitaloceanspaces.com	10016	0
yachts.pictures[]	https	atmjet.ams3.cdn.digitaloceanspaces.com	29	0
