kind	id	slug	registration_number
another registration or a misspelling	177	n47nf	"N47HF"
another registration or a misspelling	179	at-las198	"AT-LAS"
another registration or a misspelling	512	hb-jfc	"D-ATWO"
another registration or a misspelling	541	sp-dvl	"SP-DLV"
another registration or a misspelling	729	oh-svj	"OH-SWJ"
another registration or a misspelling	781	oe_gke	"OE-GKE"
another registration or a misspelling	786	OE-HHS	"OE-HHS"
another registration or a misspelling	844	d-atjm	"D-ATMJ"
another registration or a misspelling	964	ly-gtv	"LY-GTW"
another registration or a misspelling	1146	f-hjsl	"F-HJSL\t"
another registration or a misspelling	1239	hhyet	"HH‐YET"
another registration or a misspelling	1255	g-dags-to-germany	"D-IENE"
another registration or a misspelling	1415	ur-prm	"T7-PRM"
another registration or a misspelling	1553	tc-fhg	"TC-KHG"
another registration or a misspelling	1601	9h-cgr	"9H-GRC"
another registration or a misspelling	1676	ec-kpe	"EC-HGI"
another registration or a misspelling	1679	ra-673	"RA-67***     "
another registration or a misspelling	1863	a6-cga	"A7-CGA"
another registration or a misspelling	1882	a6-nla	"VP-CAN"
another registration or a misspelling	1977	yl-one	"VT-NKS"
another registration or a misspelling	2020	g-leaz	"C-GDPF"
another registration or a misspelling	2524	n400ck	"N290PS"
another registration or a misspelling	2570	n103dd	"N100FN"
another registration or a misspelling	2626	in5379f	"N5379F"
another registration or a misspelling	2686	n583sw	"N128HL"
another registration or a misspelling	2762	n620gs	"N991RW"
another registration or a misspelling	2871	yr-dph	"N413SK"
another registration or a misspelling	2965	d-cgeo	"N323RR"
another registration or a misspelling	3049	d-bika	"C-FTMI"
another registration or a misspelling	3066	n60hm	"N504AB"
another registration or a misspelling	3340	ca-doc	"XA-DOC"
another registration or a misspelling	3394	n770XX	"N770XX"
another registration or a misspelling	3440	n34vr	"N752WJ"
another registration or a misspelling	3488	n82fb	"N710RH"
another registration or a misspelling	3495	n808g	"N329MD"
another registration or a misspelling	3836	n200mp	"N236PS"
another registration or a misspelling	4070	oo-cvu	"ZS-CVU"
another registration or a misspelling	4156	n168sv	"N168SW"
another registration or a misspelling	4164	-n975lv	"N975LV"
another registration or a misspelling	4283	n882sg	"N5BC"
another registration or a misspelling	4522	n970sg	"N173NY"
another registration or a misspelling	4636	n989dj	"N989DM"
another registration or a misspelling	4669	n613lb	"N745JS"
another registration or a misspelling	4749	pk-rjg	"XA-RWS"
another registration or a misspelling	4816	ph-yma	"OB-2023"
another registration or a misspelling	5010	tc-gur	"OE-GMB"
another registration or a misspelling	5157	t7-mjb	"VQ-BYT"
another registration or a misspelling	5441	4l-ajo	"C5-BDO"
another registration or a misspelling	5564	vt-pci	"VT-PCR"
another registration or a misspelling	5588	c-fzcc	"C-FZCV"
another registration or a misspelling	5939	vh-tsl	"N86MW"
another registration or a misspelling	6043	n776af	"C-FWAL"
another registration or a misspelling	6467	n212cz	"N121CZ"
another registration or a misspelling	6848	ln-hst	"C-FWRX"
another registration or a misspelling	6926	n546вр	"N546DH"
another registration or a misspelling	6934	b-76991	"B-7699"
another registration or a misspelling	7376	335wh	"N335WH"
another registration or a misspelling	8177	ph-jnd	"N12JK"
another registration or a misspelling	8372	xa-luf	"XA-UWR"
another registration or a misspelling	8409	-pt-erd	"PT-ERD"
another registration or a misspelling	8601	pk-seo	"PK-CEO"
another registration or a misspelling	8607	oe-hva-delete-me	"PP-LFS"
another registration or a misspelling	8736	pr-aur	"N831PB"
digits only	446	998	"D-AUWE"
digits only	610	11601	"N868CK"
digits only	762	11598	"N155HR"
digits only	799	11602	"OO-EFC"
digits only	800	11599	"N168MP"
digits only	892	11641	"HA-FAN"
digits only	893	11640	"HA-FAL"
digits only	908	11709	"HB-FVD"
digits only	971	11672	"T7-PBL"
digits only	1027	11593	"D-AFBS"
digits only	1182	6646	"P4-BAA"
digits only	1666	11609	"9H-OWL"
digits only	1694	11624	"PH-CDF"
digits only	1695	11622	"TC-COR"
digits only	1696	11621	"TC-TJU"
digits only	1697	11620	"TC-TJT"
digits only	1698	11619	"TC-TJS"
digits only	1699	11618	"TC-TJP"
digits only	1700	11617	"TC-TJO"
digits only	1701	11615	"TC-TJM"
digits only	1702	11614	"TC-TJJ"
digits only	1703	11613	"TC-TJI"
digits only	2044	4633	"N106KH"
digits only	2063	11995	"N348DJ"
digits only	2756	7311	"N503VJ"
digits only	2806	612	"N560SJ"
digits only	3044	12710	"C-FYRC"
digits only	3634	7806	"N356VJ"
digits only	3782	12903	"N448CJ"
digits only	3818	7807	"N357VJ"
digits only	3819	7312	"N504VJ"
digits only	4086	202	"ZS-DAD"
digits only	4539	7313	"N505VJ"
digits only	5204	6270	"G-SKAL"
digits only	5413	8934	"A9C-MAN"
digits only	5744	12918	"N22NY"
digits only	7773	11662	"N20AT"
digits only	8150	11671	"N600HR"
no registration	1495	avia-business-group-g200	
no registration	4932	kingair	
registration with a suffix	362	ok-oks-	"OK-OKS"
registration with a suffix	1264	f-hcpe-pan	"F-HCPE"
registration with a suffix	1668	ec-ldk-2	"EC-LDK"
registration with a suffix	3136	b-8196-1	"B-8196"
registration with a suffix	4838	cc-aaq-	"CC-AAQ"
registration with a suffix	6742	b-7795-2	"B-7795"
registration without hyphen	1244	9hjoy	"9H-JOY"
registration without hyphen	1348	9hboo	"9H-BOO"
registration without hyphen	1762	4xcpx	"4X-CPX"
registration without hyphen	1763	4xwia	"4X-WIA"
registration without hyphen	1764	4xcza	"4X-CZA"
registration without hyphen	1765	4xczo	"4X-CZO"
registration without hyphen	1766	4xcoz	"4X-COZ"
registration without hyphen	4119	b98888	"B-98888"
registration without hyphen	4802	pkrjp	"PK-RJP"
registration without hyphen	7151	a9cbxd	"A9C-BXD"
registration without hyphen	7389	n913rx	"N913RX\t"
