id	hash	applied_at_utc
1	0096bc1061bc733410f9d012518d64140efa3a1b30329dd19ce853ccc6bd34a3	2024-07-20 13:55:15
2	a6feebcc2b3784a46fb2d0e08c860c882e07fae1348cb452d308499462fe9c27	2024-08-11 18:40:16
3	0d4a468015347292b3e094fa6482562bcf4939758a6b88ae6fb85d3152066278	2024-08-12 13:16:26
4	0249218b4f6dc0833eea25a27bfd1dbf6b4e0fb885578d131e9b90383c1645f2	2024-08-12 14:23:04
5	42cdc0dbe1620c9ed71e8f56dd28090d584e48c422b15ca87cf9403bfa4f8623	2024-08-14 08:52:49
6	baaa73f656fad4e0b8ac7265b9e602024c4144925037cc8d55714ffc17b3a1e8	2024-08-14 11:00:19
7	1f5bf39d256109bfb8a25bebd8db0990ba89cc6c7f50482f130eb1ddd612ee42	2024-10-21 17:31:58
8	c6226f2f0d655b174a7be4cf3bd2476e4f36c1cc40bdd1c60a1732224ca4516b	2024-12-17 14:54:30
11	385285c612e217262726ee1fb895456e9d3c745357d1ddb51ec252cc72b5d56d	2025-02-10 20:08:58
12	a6e5ca20852e9e66cb19beef1e7fe67edfa6197371f68efbe3e9e459294fd40d	2025-02-11 21:52:00
13	a77389df314c1aba142667dceacce78ae0b89b7db83c682499a06bd2572fa1ec	2025-02-25 18:14:41
