url	status	size	content_type	key	referenced_by
https://atmjet.ams3.digitaloceanspaces.com/image_15746.jpg	403	241	application/xml	legacy/image_15746.jpg	vehicles:15746.image
https://atmjet.ams3.digitaloceanspaces.com/image_17049.jpg	403	241	application/xml	legacy/image_17049.jpg	vehicles:17049.image
https://atmjet.ams3.digitaloceanspaces.com/image_24364.jpg	403	241	application/xml	legacy/image_24364.jpg	vehicles:24364.image
https://atmjet.ams3.digitaloceanspaces.com/image_24404.jpg	403	241	application/xml	legacy/image_24404.jpg	vehicles:24404.image
https://atmjet.ams3.digitaloceanspaces.com/image_24455.jpg	403	241	application/xml	legacy/image_24455.jpg	vehicles:24455.image
https://atmjet.ams3.digitaloceanspaces.com/image_24462.jpg	403	241	application/xml	legacy/image_24462.jpg	vehicles:24462.image
https://atmjet.ams3.digitaloceanspaces.com/image_24503.jpg	403	241	application/xml	legacy/image_24503.jpg	vehicles:24503.image
https://atmjet.ams3.digitaloceanspaces.com/image_24555.jpg	403	241	application/xml	legacy/image_24555.jpg	vehicles:24555.image
https://atmjet.ams3.digitaloceanspaces.com/image_24581.jpg	403	241	application/xml	legacy/image_24581.jpg	vehicles:24581.image
https://atmjet.ams3.digitaloceanspaces.com/image_24632.jpg	403	241	application/xml	legacy/image_24632.jpg	vehicles:24632.image
https://atmjet.ams3.digitaloceanspaces.com/image_24636.jpg	403	241	application/xml	legacy/image_24636.jpg	vehicles:24636.image
https://atmjet.ams3.digitaloceanspaces.com/image_24661.jpg	403	241	application/xml	legacy/image_24661.jpg	vehicles:24661.image
https://atmjet.ams3.digitaloceanspaces.com/image_24662.jpg	403	241	application/xml	legacy/image_24662.jpg	vehicles:24662.image
https://atmjet.ams3.digitaloceanspaces.com/image_24724.jpg	403	241	application/xml	legacy/image_24724.jpg	vehicles:24724.image
https://atmjet.ams3.digitaloceanspaces.com/image_24808.jpg	403	241	application/xml	legacy/image_24808.jpg	vehicles:24808.image
https://atmjet.ams3.digitaloceanspaces.com/image_24871.jpg	403	241	application/xml	legacy/image_24871.jpg	vehicles:24871.image
https://atmjet.ams3.digitaloceanspaces.com/image_24872.jpg	403	241	application/xml	legacy/image_24872.jpg	vehicles:24872.image
https://atmjet.ams3.digitaloceanspaces.com/image_24877.jpg	403	241	application/xml	legacy/image_24877.jpg	vehicles:24877.image
https://atmjet.ams3.digitaloceanspaces.com/image_24936.jpg	403	241	application/xml	legacy/image_24936.jpg	vehicles:24936.image
https://atmjet.ams3.digitaloceanspaces.com/image_24965.jpg	403	241	application/xml	legacy/image_24965.jpg	vehicles:24965.image
https://atmjet.ams3.digitaloceanspaces.com/image_25011.jpg	403	241	application/xml	legacy/image_25011.jpg	vehicles:25011.image
https://atmjet.ams3.digitaloceanspaces.com/image_25016.jpg	403	241	application/xml	legacy/image_25016.jpg	vehicles:25016.image
https://atmjet.ams3.digitaloceanspaces.com/image_25062.jpg	403	241	application/xml	legacy/image_25062.jpg	vehicles:25062.image
https://atmjet.ams3.digitaloceanspaces.com/image_25214.jpg	403	241	application/xml	legacy/image_25214.jpg	vehicles:25214.image
https://atmjet.ams3.digitaloceanspaces.com/image_25241.jpg	403	241	application/xml	legacy/image_25241.jpg	vehicles:25241.image
https://atmjet.ams3.digitaloceanspaces.com/image_25331.jpg	403	241	application/xml	legacy/image_25331.jpg	vehicles:25331.image
https://atmjet.ams3.digitaloceanspaces.com/image_25431.jpg	403	241	application/xml	legacy/image_25431.jpg	vehicles:25431.image
https://atmjet.ams3.digitaloceanspaces.com/image_25494.jpg	403	241	application/xml	legacy/image_25494.jpg	vehicles:25494.image
https://atmjet.ams3.digitaloceanspaces.com/image_25516.jpg	403	241	application/xml	legacy/image_25516.jpg	vehicles:25516.image
https://atmjet.ams3.digitaloceanspaces.com/image_25523.jpg	403	241	application/xml	legacy/image_25523.jpg	vehicles:25523.image
https://atmjet.ams3.digitaloceanspaces.com/image_25548.jpg	403	241	application/xml	legacy/image_25548.jpg	vehicles:25548.image
https://atmjet.ams3.digitaloceanspaces.com/image_25550.jpg	403	241	application/xml	legacy/image_25550.jpg	vehicles:25550.image
https://atmjet.ams3.digitaloceanspaces.com/image_25682.jpg	403	241	application/xml	legacy/image_25682.jpg	vehicles:25682.image
https://atmjet.ams3.digitaloceanspaces.com/image_25808.jpg	403	241	application/xml	legacy/image_25808.jpg	vehicles:25808.image
https://atmjet.ams3.digitaloceanspaces.com/image_25851.jpg	403	241	application/xml	legacy/image_25851.jpg	vehicles:25851.image
https://atmjet.ams3.digitaloceanspaces.com/image_25878.jpg	403	241	application/xml	legacy/image_25878.jpg	vehicles:25878.image
https://atmjet.ams3.digitaloceanspaces.com/image_25881.jpg	403	241	application/xml	legacy/image_25881.jpg	vehicles:25881.image
https://atmjet.ams3.digitaloceanspaces.com/image_25892.jpg	403	241	application/xml	legacy/image_25892.jpg	vehicles:25892.image
https://atmjet.ams3.digitaloceanspaces.com/image_25926.jpg	403	241	application/xml	legacy/image_25926.jpg	vehicles:25926.image
https://atmjet.ams3.digitaloceanspaces.com/image_26202.jpg	403	241	application/xml	legacy/image_26202.jpg	vehicles:26202.image
https://atmjet.ams3.digitaloceanspaces.com/image_26276.jpg	403	241	application/xml	legacy/image_26276.jpg	vehicles:26276.image
https://atmjet.ams3.digitaloceanspaces.com/image_26278.jpg	403	241	application/xml	legacy/image_26278.jpg	vehicles:26278.image
https://atmjet.ams3.digitaloceanspaces.com/image_26279.jpg	403	241	application/xml	legacy/image_26279.jpg	vehicles:26279.image
https://atmjet.ams3.digitaloceanspaces.com/image_26548.jpg	403	241	application/xml	legacy/image_26548.jpg	vehicles:26548.image
https://atmjet.ams3.digitaloceanspaces.com/image_26793.jpg	403	241	application/xml	legacy/image_26793.jpg	vehicles:26793.image
https://atmjet.ams3.digitaloceanspaces.com/image_26807.jpg	403	241	application/xml	legacy/image_26807.jpg	vehicles:26807.image
https://atmjet.ams3.digitaloceanspaces.com/image_26955.jpg	403	241	application/xml	legacy/image_26955.jpg	vehicles:26955.image
https://atmjet.ams3.digitaloceanspaces.com/image_26957.jpg	403	241	application/xml	legacy/image_26957.jpg	vehicles:26957.image
https://atmjet.ams3.digitaloceanspaces.com/image_26961.jpg	403	241	application/xml	legacy/image_26961.jpg	vehicles:26961.image
https://atmjet.ams3.digitaloceanspaces.com/image_27063.jpg	403	241	application/xml	legacy/image_27063.jpg	vehicles:27063.image
https://atmjet.ams3.digitaloceanspaces.com/image_27138.jpg	403	241	application/xml	legacy/image_27138.jpg	vehicles:27138.image
https://atmjet.ams3.digitaloceanspaces.com/image_27210.jpg	403	241	application/xml	legacy/image_27210.jpg	vehicles:27210.image
https://atmjet.ams3.digitaloceanspaces.com/image_27232.jpg	403	241	application/xml	legacy/image_27232.jpg	vehicles:27232.image
https://atmjet.ams3.digitaloceanspaces.com/image_27298.jpg	403	241	application/xml	legacy/image_27298.jpg	vehicles:27298.image
https://atmjet.ams3.digitaloceanspaces.com/image_27318.jpg	403	241	application/xml	legacy/image_27318.jpg	vehicles:27318.image
https://atmjet.ams3.digitaloceanspaces.com/image_27436.jpg	403	241	application/xml	legacy/image_27436.jpg	vehicles:27436.image
https://atmjet.ams3.digitaloceanspaces.com/image_27462.jpg	403	241	application/xml	legacy/image_27462.jpg	vehicles:27462.image
https://atmjet.ams3.digitaloceanspaces.com/image_27463.jpg	403	241	application/xml	legacy/image_27463.jpg	vehicles:27463.image
https://atmjet.ams3.digitaloceanspaces.com/image_27545.jpg	403	241	application/xml	legacy/image_27545.jpg	vehicles:27545.image
https://atmjet.ams3.digitaloceanspaces.com/image_27759.jpg	403	241	application/xml	legacy/image_27759.jpg	vehicles:27759.image
https://atmjet.ams3.digitaloceanspaces.com/image_27776.jpg	403	241	application/xml	legacy/image_27776.jpg	vehicles:27776.image
https://atmjet.ams3.digitaloceanspaces.com/image_27815.jpg	403	241	application/xml	legacy/image_27815.jpg	vehicles:27815.image
https://atmjet.ams3.digitaloceanspaces.com/image_27842.jpg	403	241	application/xml	legacy/image_27842.jpg	vehicles:27842.image
https://atmjet.ams3.digitaloceanspaces.com/image_28098.jpg	403	241	application/xml	legacy/image_28098.jpg	vehicles:28098.image
https://atmjet.ams3.digitaloceanspaces.com/image_28152.jpg	403	241	application/xml	legacy/image_28152.jpg	vehicles:28152.image
https://atmjet.ams3.digitaloceanspaces.com/image_28235.jpg	403	241	application/xml	legacy/image_28235.jpg	vehicles:28235.image
https://atmjet.ams3.digitaloceanspaces.com/image_28271.jpg	403	241	application/xml	legacy/image_28271.jpg	vehicles:28271.image
https://atmjet.ams3.digitaloceanspaces.com/image_28272.jpg	403	241	application/xml	legacy/image_28272.jpg	vehicles:28272.image
https://atmjet.ams3.digitaloceanspaces.com/image_28273.jpg	403	241	application/xml	legacy/image_28273.jpg	vehicles:28273.image
https://atmjet.ams3.digitaloceanspaces.com/image_28274.jpg	403	241	application/xml	legacy/image_28274.jpg	vehicles:28274.image
https://atmjet.ams3.digitaloceanspaces.com/image_28275.jpg	403	241	application/xml	legacy/image_28275.jpg	vehicles:28275.image
https://atmjet.ams3.digitaloceanspaces.com/image_28276.jpg	403	241	application/xml	legacy/image_28276.jpg	vehicles:28276.image
https://atmjet.ams3.digitaloceanspaces.com/image_28277.jpg	403	241	application/xml	legacy/image_28277.jpg	vehicles:28277.image
https://atmjet.ams3.digitaloceanspaces.com/image_28278.jpg	403	241	application/xml	legacy/image_28278.jpg	vehicles:28278.image
https://atmjet.ams3.digitaloceanspaces.com/image_28430.jpg	403	241	application/xml	legacy/image_28430.jpg	vehicles:28430.image
https://atmjet.ams3.digitaloceanspaces.com/image_28473.jpg	403	241	application/xml	legacy/image_28473.jpg	vehicles:28473.image
https://atmjet.ams3.digitaloceanspaces.com/image_28508.jpg	403	241	application/xml	legacy/image_28508.jpg	vehicles:28508.image
https://atmjet.ams3.digitaloceanspaces.com/image_28585.jpg	403	241	application/xml	legacy/image_28585.jpg	vehicles:28585.image
https://atmjet.ams3.digitaloceanspaces.com/image_28597.jpg	403	241	application/xml	legacy/image_28597.jpg	vehicles:28597.image
https://atmjet.ams3.digitaloceanspaces.com/image_28678.jpg	403	241	application/xml	legacy/image_28678.jpg	vehicles:28678.image
https://atmjet.ams3.digitaloceanspaces.com/image_28682.jpg	403	241	application/xml	legacy/image_28682.jpg	vehicles:28682.image
https://atmjet.ams3.digitaloceanspaces.com/image_28736.jpg	403	241	application/xml	legacy/image_28736.jpg	vehicles:28736.image
https://atmjet.ams3.digitaloceanspaces.com/image_28800.jpg	403	241	application/xml	legacy/image_28800.jpg	vehicles:28800.image
https://atmjet.ams3.digitaloceanspaces.com/image_28837.jpg	403	241	application/xml	legacy/image_28837.jpg	vehicles:28837.image
https://atmjet.ams3.digitaloceanspaces.com/image_28930.jpg	403	241	application/xml	legacy/image_28930.jpg	vehicles:28930.image
https://atmjet.ams3.digitaloceanspaces.com/image_28993.jpg	403	241	application/xml	legacy/image_28993.jpg	vehicles:28993.image
https://atmjet.ams3.digitaloceanspaces.com/image_29052.jpg	403	241	application/xml	legacy/image_29052.jpg	vehicles:29052.image
https://atmjet.ams3.digitaloceanspaces.com/image_29227.jpg	403	241	application/xml	legacy/image_29227.jpg	vehicles:29227.image
https://atmjet.ams3.digitaloceanspaces.com/image_29362.jpg	403	241	application/xml	legacy/image_29362.jpg	vehicles:29362.image
https://atmjet.ams3.digitaloceanspaces.com/image_29394.jpg	403	241	application/xml	legacy/image_29394.jpg	vehicles:29394.image
https://atmjet.ams3.digitaloceanspaces.com/image_29510.jpg	403	241	application/xml	legacy/image_29510.jpg	vehicles:29510.image
https://atmjet.ams3.digitaloceanspaces.com/image_29632.jpg	403	241	application/xml	legacy/image_29632.jpg	vehicles:29632.image
https://atmjet.ams3.digitaloceanspaces.com/image_29673.jpg	403	241	application/xml	legacy/image_29673.jpg	vehicles:29673.image
https://atmjet.ams3.digitaloceanspaces.com/image_29700.jpg	403	241	application/xml	legacy/image_29700.jpg	vehicles:29700.image
https://atmjet.ams3.digitaloceanspaces.com/image_29743.jpg	403	241	application/xml	legacy/image_29743.jpg	vehicles:29743.image
https://atmjet.ams3.digitaloceanspaces.com/image_29749.jpg	403	241	application/xml	legacy/image_29749.jpg	vehicles:29749.image
https://atmjet.ams3.digitaloceanspaces.com/image_29971.jpg	403	241	application/xml	legacy/image_29971.jpg	vehicles:29971.image
https://atmjet.ams3.digitaloceanspaces.com/image_29991.jpg	403	241	application/xml	legacy/image_29991.jpg	vehicles:29991.image
https://atmjet.ams3.digitaloceanspaces.com/image_30014.jpg	403	241	application/xml	legacy/image_30014.jpg	vehicles:30014.image
https://atmjet.ams3.digitaloceanspaces.com/image_30175.jpg	403	241	application/xml	legacy/image_30175.jpg	vehicles:30175.image
https://atmjet.ams3.digitaloceanspaces.com/image_30192.jpg	403	241	application/xml	legacy/image_30192.jpg	vehicles:30192.image
https://atmjet.ams3.digitaloceanspaces.com/image_30267.jpg	403	241	application/xml	legacy/image_30267.jpg	vehicles:30267.image
https://atmjet.ams3.digitaloceanspaces.com/image_30347.jpg	403	241	application/xml	legacy/image_30347.jpg	vehicles:30347.image
https://atmjet.ams3.digitaloceanspaces.com/image_30631.jpg	403	241	application/xml	legacy/image_30631.jpg	vehicles:30631.image
https://atmjet.ams3.digitaloceanspaces.com/image_30773.jpg	403	241	application/xml	legacy/image_30773.jpg	vehicles:30773.image
https://atmjet.ams3.digitaloceanspaces.com/image_30789.jpg	403	241	application/xml	legacy/image_30789.jpg	vehicles:30789.image
https://atmjet.ams3.digitaloceanspaces.com/thumb_15746.jpg	403	241	application/xml	legacy/thumb_15746.jpg	vehicles:15746.thumb
https://atmjet.ams3.digitaloceanspaces.com/thumb_17049.jpg	403	241	application/xml	legacy/thumb_17049.jpg	vehicles:17049.thumb
https://atmjet.ams3.digitaloceanspaces.com/thumb_24364.jpg	403	241	application/xml	legacy/thumb_24364.jpg	vehicles:24364.thumb
https://atmjet.ams3.digitaloceanspaces.com/thumb_24404.jpg	403	241	application/xml	legacy/thumb_24404.jpg	vehicles:24404.thumb
https://atmjet.ams3.digitaloceanspaces.com/thumb_24455.jpg	403	241	application/xml	legacy/thumb_24455.jpg	vehicles:24455.thumb
https://atmjet.ams3.digitaloceanspaces.com/thumb_24462.jpg	403	241	application/xml	legacy/thumb_24462.jpg	vehicles:24462.thumb
https://atmjet.ams3.digitaloceanspaces.com/thumb_24503.jpg	403	241	application/xml	legacy/thumb_24503.jpg	vehicles:24503.thumb
https://atmjet.ams3.digitaloceanspaces.com/thumb_24555.jpg	403	241	application/xml	legacy/thumb_24555.jpg	vehicles:24555.thumb
https://atmjet.ams3.digitaloceanspaces.com/thumb_24581.jpg	403	241	application/xml	legacy/thumb_24581.jpg	vehicles:24581.thumb
https://atmjet.ams3.digitaloceanspaces.com/thumb_24632.jpg	403	241	application/xml	legacy/thumb_24632.jpg	vehicles:24632.thumb
https://atmjet.ams3.digitaloceanspaces.com/thumb_24636.jpg	403	241	application/xml	legacy/thumb_24636.jpg	vehicles:24636.thumb
https://atmjet.ams3.digitaloceanspaces.com/thumb_24661.jpg	403	241	application/xml	legacy/thumb_24661.jpg	vehicles:24661.thumb
https://atmjet.ams3.digitaloceanspaces.com/thumb_24662.jpg	403	241	application/xml	legacy/thumb_24662.jpg	vehicles:24662.thumb
https://atmjet.ams3.digitaloceanspaces.com/thumb_24724.jpg	403	241	application/xml	legacy/thumb_24724.jpg	vehicles:24724.thumb
https://atmjet.ams3.digitaloceanspaces.com/thumb_24808.jpg	403	241	application/xml	legacy/thumb_24808.jpg	vehicles:24808.thumb
https://atmjet.ams3.digitaloceanspaces.com/thumb_24871.jpg	403	241	application/xml	legacy/thumb_24871.jpg	vehicles:24871.thumb
https://atmjet.ams3.digitaloceanspaces.com/thumb_24872.jpg	403	241	application/xml	legacy/thumb_24872.jpg	vehicles:24872.thumb
https://atmjet.ams3.digitaloceanspaces.com/thumb_24877.jpg	403	241	application/xml	legacy/thumb_24877.jpg	vehicles:24877.thumb
https://atmjet.ams3.digitaloceanspaces.com/thumb_24936.jpg	403	241	application/xml	legacy/thumb_24936.jpg	vehicles:24936.thumb
https://atmjet.ams3.digitaloceanspaces.com/thumb_24965.jpg	403	241	application/xml	legacy/thumb_24965.jpg	vehicles:24965.thumb
https://atmjet.ams3.digitaloceanspaces.com/thumb_25011.jpg	403	241	application/xml	legacy/thumb_25011.jpg	vehicles:25011.thumb
https://atmjet.ams3.digitaloceanspaces.com/thumb_25016.jpg	403	241	application/xml	legacy/thumb_25016.jpg	vehicles:25016.thumb
https://atmjet.ams3.digitaloceanspaces.com/thumb_25062.jpg	403	241	application/xml	legacy/thumb_25062.jpg	vehicles:25062.thumb
https://atmjet.ams3.digitaloceanspaces.com/thumb_25214.jpg	403	241	application/xml	legacy/thumb_25214.jpg	vehicles:25214.thumb
https://atmjet.ams3.digitaloceanspaces.com/thumb_25241.jpg	403	241	application/xml	legacy/thumb_25241.jpg	vehicles:25241.thumb
https://atmjet.ams3.digitaloceanspaces.com/thumb_25331.jpg	403	241	application/xml	legacy/thumb_25331.jpg	vehicles:25331.thumb
https://atmjet.ams3.digitaloceanspaces.com/thumb_25431.jpg	403	241	application/xml	legacy/thumb_25431.jpg	vehicles:25431.thumb
https://atmjet.ams3.digitaloceanspaces.com/thumb_25494.jpg	403	241	application/xml	legacy/thumb_25494.jpg	vehicles:25494.thumb
https://atmjet.ams3.digitaloceanspaces.com/thumb_25516.jpg	403	241	application/xml	legacy/thumb_25516.jpg	vehicles:25516.thumb
https://atmjet.ams3.digitaloceanspaces.com/thumb_25523.jpg	403	241	application/xml	legacy/thumb_25523.jpg	vehicles:25523.thumb
https://atmjet.ams3.digitaloceanspaces.com/thumb_25548.jpg	403	241	application/xml	legacy/thumb_25548.jpg	vehicles:25548.thumb
https://atmjet.ams3.digitaloceanspaces.com/thumb_25550.jpg	403	241	application/xml	legacy/thumb_25550.jpg	vehicles:25550.thumb
https://atmjet.ams3.digitaloceanspaces.com/thumb_25682.jpg	403	241	application/xml	legacy/thumb_25682.jpg	vehicles:25682.thumb
https://atmjet.ams3.digitaloceanspaces.com/thumb_25808.jpg	403	241	application/xml	legacy/thumb_25808.jpg	vehicles:25808.thumb
https://atmjet.ams3.digitaloceanspaces.com/thumb_25851.jpg	403	241	application/xml	legacy/thumb_25851.jpg	vehicles:25851.thumb
https://atmjet.ams3.digitaloceanspaces.com/thumb_25878.jpg	403	241	application/xml	legacy/thumb_25878.jpg	vehicles:25878.thumb
https://atmjet.ams3.digitaloceanspaces.com/thumb_25881.jpg	403	241	application/xml	legacy/thumb_25881.jpg	vehicles:25881.thumb
https://atmjet.ams3.digitaloceanspaces.com/thumb_25892.jpg	403	241	application/xml	legacy/thumb_25892.jpg	vehicles:25892.thumb
https://atmjet.ams3.digitaloceanspaces.com/thumb_25926.jpg	403	241	application/xml	legacy/thumb_25926.jpg	vehicles:25926.thumb
https://atmjet.ams3.digitaloceanspaces.com/thumb_26202.jpg	403	241	application/xml	legacy/thumb_26202.jpg	vehicles:26202.thumb
https://atmjet.ams3.digitaloceanspaces.com/thumb_26276.jpg	403	241	application/xml	legacy/thumb_26276.jpg	vehicles:26276.thumb
https://atmjet.ams3.digitaloceanspaces.com/thumb_26278.jpg	403	241	application/xml	legacy/thumb_26278.jpg	vehicles:26278.thumb
https://atmjet.ams3.digitaloceanspaces.com/thumb_26279.jpg	403	241	application/xml	legacy/thumb_26279.jpg	vehicles:26279.thumb
https://atmjet.ams3.digitaloceanspaces.com/thumb_26548.jpg	403	241	application/xml	legacy/thumb_26548.jpg	vehicles:26548.thumb
https://atmjet.ams3.digitaloceanspaces.com/thumb_26793.jpg	403	241	application/xml	legacy/thumb_26793.jpg	vehicles:26793.thumb
https://atmjet.ams3.digitaloceanspaces.com/thumb_26807.jpg	403	241	application/xml	legacy/thumb_26807.jpg	vehicles:26807.thumb
https://atmjet.ams3.digitaloceanspaces.com/thumb_26955.jpg	403	241	application/xml	legacy/thumb_26955.jpg	vehicles:26955.thumb
https://atmjet.ams3.digitaloceanspaces.com/thumb_26957.jpg	403	241	application/xml	legacy/thumb_26957.jpg	vehicles:26957.thumb
https://atmjet.ams3.digitaloceanspaces.com/thumb_26961.jpg	403	241	application/xml	legacy/thumb_26961.jpg	vehicles:26961.thumb
https://atmjet.ams3.digitaloceanspaces.com/thumb_27063.jpg	403	241	application/xml	legacy/thumb_27063.jpg	vehicles:27063.thumb
https://atmjet.ams3.digitaloceanspaces.com/thumb_27138.jpg	403	241	application/xml	legacy/thumb_27138.jpg	vehicles:27138.thumb
https://atmjet.ams3.digitaloceanspaces.com/thumb_27210.jpg	403	241	application/xml	legacy/thumb_27210.jpg	vehicles:27210.thumb
https://atmjet.ams3.digitaloceanspaces.com/thumb_27232.jpg	403	241	application/xml	legacy/thumb_27232.jpg	vehicles:27232.thumb
https://atmjet.ams3.digitaloceanspaces.com/thumb_27298.jpg	403	241	application/xml	legacy/thumb_27298.jpg	vehicles:27298.thumb
https://atmjet.ams3.digitaloceanspaces.com/thumb_27318.jpg	403	241	application/xml	legacy/thumb_27318.jpg	vehicles:27318.thumb
https://atmjet.ams3.digitaloceanspaces.com/thumb_27436.jpg	403	241	application/xml	legacy/thumb_27436.jpg	vehicles:27436.thumb
https://atmjet.ams3.digitaloceanspaces.com/thumb_27462.jpg	403	241	application/xml	legacy/thumb_27462.jpg	vehicles:27462.thumb
https://atmjet.ams3.digitaloceanspaces.com/thumb_27463.jpg	403	241	application/xml	legacy/thumb_27463.jpg	vehicles:27463.thumb
https://atmjet.ams3.digitaloceanspaces.com/thumb_27545.jpg	403	241	application/xml	legacy/thumb_27545.jpg	vehicles:27545.thumb
https://atmjet.ams3.digitaloceanspaces.com/thumb_27759.jpg	403	241	application/xml	legacy/thumb_27759.jpg	vehicles:27759.thumb
https://atmjet.ams3.digitaloceanspaces.com/thumb_27776.jpg	403	241	application/xml	legacy/thumb_27776.jpg	vehicles:27776.thumb
https://atmjet.ams3.digitaloceanspaces.com/thumb_27815.jpg	403	241	application/xml	legacy/thumb_27815.jpg	vehicles:27815.thumb
https://atmjet.ams3.digitaloceanspaces.com/thumb_27842.jpg	403	241	application/xml	legacy/thumb_27842.jpg	vehicles:27842.thumb
https://atmjet.ams3.digitaloceanspaces.com/thumb_28098.jpg	403	241	application/xml	legacy/thumb_28098.jpg	vehicles:28098.thumb
https://atmjet.ams3.digitaloceanspaces.com/thumb_28152.jpg	403	241	application/xml	legacy/thumb_28152.jpg	vehicles:28152.thumb
https://atmjet.ams3.digitaloceanspaces.com/thumb_28235.jpg	403	241	application/xml	legacy/thumb_28235.jpg	vehicles:28235.thumb
https://atmjet.ams3.digitaloceanspaces.com/thumb_28430.jpg	403	241	application/xml	legacy/thumb_28430.jpg	vehicles:28430.thumb
https://atmjet.ams3.digitaloceanspaces.com/thumb_28473.jpg	403	241	application/xml	legacy/thumb_28473.jpg	vehicles:28473.thumb
https://atmjet.ams3.digitaloceanspaces.com/thumb_28508.jpg	403	241	application/xml	legacy/thumb_28508.jpg	vehicles:28508.thumb
https://atmjet.ams3.digitaloceanspaces.com/thumb_28585.jpg	403	241	application/xml	legacy/thumb_28585.jpg	vehicles:28585.thumb
https://atmjet.ams3.digitaloceanspaces.com/thumb_28597.jpg	403	241	application/xml	legacy/thumb_28597.jpg	vehicles:28597.thumb
https://atmjet.ams3.digitaloceanspaces.com/thumb_28678.jpg	403	241	application/xml	legacy/thumb_28678.jpg	vehicles:28678.thumb
https://atmjet.ams3.digitaloceanspaces.com/thumb_28682.jpg	403	241	application/xml	legacy/thumb_28682.jpg	vehicles:28682.thumb
https://atmjet.ams3.digitaloceanspaces.com/thumb_28736.jpg	403	241	application/xml	legacy/thumb_28736.jpg	vehicles:28736.thumb
https://atmjet.ams3.digitaloceanspaces.com/thumb_28800.jpg	403	241	application/xml	legacy/thumb_28800.jpg	vehicles:28800.thumb
https://atmjet.ams3.digitaloceanspaces.com/thumb_28837.jpg	403	241	application/xml	legacy/thumb_28837.jpg	vehicles:28837.thumb
https://atmjet.ams3.digitaloceanspaces.com/thumb_28930.jpg	403	241	application/xml	legacy/thumb_28930.jpg	vehicles:28930.thumb
https://atmjet.ams3.digitaloceanspaces.com/thumb_28993.jpg	403	241	application/xml	legacy/thumb_28993.jpg	vehicles:28993.thumb
https://atmjet.ams3.digitaloceanspaces.com/thumb_29052.jpg	403	241	application/xml	legacy/thumb_29052.jpg	vehicles:29052.thumb
https://atmjet.ams3.digitaloceanspaces.com/thumb_29227.jpg	403	241	application/xml	legacy/thumb_29227.jpg	vehicles:29227.thumb
https://atmjet.ams3.digitaloceanspaces.com/thumb_29243.jpg	403	241	application/xml	legacy/thumb_29243.jpg	vehicles:29243.thumb
https://atmjet.ams3.digitaloceanspaces.com/thumb_29362.jpg	403	241	application/xml	legacy/thumb_29362.jpg	vehicles:29362.thumb
https://atmjet.ams3.digitaloceanspaces.com/thumb_29394.jpg	403	241	application/xml	legacy/thumb_29394.jpg	vehicles:29394.thumb
https://atmjet.ams3.digitaloceanspaces.com/thumb_29510.jpg	403	241	application/xml	legacy/thumb_29510.jpg	vehicles:29510.thumb
https://atmjet.ams3.digitaloceanspaces.com/thumb_29632.jpg	403	241	application/xml	legacy/thumb_29632.jpg	vehicles:29632.thumb
https://atmjet.ams3.digitaloceanspaces.com/thumb_29673.jpg	403	241	application/xml	legacy/thumb_29673.jpg	vehicles:29673.thumb
https://atmjet.ams3.digitaloceanspaces.com/thumb_29700.jpg	403	241	application/xml	legacy/thumb_29700.jpg	vehicles:29700.thumb
https://atmjet.ams3.digitaloceanspaces.com/thumb_29743.jpg	403	241	application/xml	legacy/thumb_29743.jpg	vehicles:29743.thumb
https://atmjet.ams3.digitaloceanspaces.com/thumb_29749.jpg	403	241	application/xml	legacy/thumb_29749.jpg	vehicles:29749.thumb
https://atmjet.ams3.digitaloceanspaces.com/thumb_29761.jpg	403	241	application/xml	legacy/thumb_29761.jpg	vehicles:29761.thumb
https://atmjet.ams3.digitaloceanspaces.com/thumb_29971.jpg	403	241	application/xml	legacy/thumb_29971.jpg	vehicles:29971.thumb
https://atmjet.ams3.digitaloceanspaces.com/thumb_29991.jpg	403	241	application/xml	legacy/thumb_29991.jpg	vehicles:29991.thumb
https://atmjet.ams3.digitaloceanspaces.com/thumb_30014.jpg	403	241	application/xml	legacy/thumb_30014.jpg	vehicles:30014.thumb
https://atmjet.ams3.digitaloceanspaces.com/thumb_30175.jpg	403	241	application/xml	legacy/thumb_30175.jpg	vehicles:30175.thumb
https://atmjet.ams3.digitaloceanspaces.com/thumb_30192.jpg	403	241	application/xml	legacy/thumb_30192.jpg	vehicles:30192.thumb
https://atmjet.ams3.digitaloceanspaces.com/thumb_30267.jpg	403	241	application/xml	legacy/thumb_30267.jpg	vehicles:30267.thumb
https://atmjet.ams3.digitaloceanspaces.com/thumb_30347.jpg	403	241	application/xml	legacy/thumb_30347.jpg	vehicles:30347.thumb
https://atmjet.ams3.digitaloceanspaces.com/thumb_30631.jpg	403	241	application/xml	legacy/thumb_30631.jpg	vehicles:30631.thumb
https://atmjet.ams3.digitaloceanspaces.com/thumb_30773.jpg	403	241	application/xml	legacy/thumb_30773.jpg	vehicles:30773.thumb
https://atmjet.ams3.digitaloceanspaces.com/thumb_30789.jpg	403	241	application/xml	legacy/thumb_30789.jpg	vehicles:30789.thumb
