legacy	aircraft_images	18570	32e2f23f9e561aa392fd35410922216a
legacy	aircrafts	8842	e1d5f89d1da3d564c0f4a12a3492dfff
legacy	airports	9375	54ad121a6cc0b15b5a349084bfa2a356
legacy	atmjet_admin__empty_legs	0	d41d8cd98f00b204e9800998ecf8427e
legacy	atmjet_admin__users	3	748f13d38c26df2fefc5aabb8ad42dd0
legacy	city_list	0	d41d8cd98f00b204e9800998ecf8427e
legacy	contact	9	d2f4abdeffaffaf894b7dca39d55ecba
legacy	migration_status	0	d41d8cd98f00b204e9800998ecf8427e
legacy	new_airports	27087	5496d435f412628e28e969be1de342cb
legacy	new_yachts	85	e3846097a133b89c5de4a9cec714d61e
legacy	vehicles	10016	ddffa0a7f81724e3d508b910b59fee4c
legacy	yachts	2	5a4c57bff3bdc9c06da5d7c40f169ea2
